{
    "Top-Left": [
        [
            401.26941045125324,
            171.10339045524597
        ],
        [
            401.4363479614258,
            170.23288249969482
        ],
        0.008544619488466913,
        -0.02230430417866123,
        40.2126521541529
    ],
    "Top": [
        [
            392.4486668904623,
            173.34079504013062
        ],
        [
            392.2624206542969,
            172.4237322807312
        ],
        -0.004246297106451711,
        -0.02328915805173505,
        39.756489440754756
    ],
    "Top-Right": [
        [
            390.150359471639,
            174.7388243675232
        ],
        [
            389.53540802001953,
            173.83199214935303
        ],
        -0.01670529643547515,
        -0.021887251164045867,
        39.4726341969066
    ],
    "Far-Left": [
        [
            390.9916814168294,
            176.3703715801239
        ],
        [
            391.73192977905273,
            175.28871059417725
        ],
        0.020283267748169482,
        -0.024794424544126267,
        39.756770303811685
    ],
    "Center": [
        [
            390.3203296661377,
            178.32267880439758
        ],
        [
            390.3065490722656,
            177.3719358444214
        ],
        -0.0012275507546985508,
        -0.021955481017596038,
        39.37274702693688
    ],
    "Far-Right": [
        [
            390.5704116821289,
            179.23250794410706
        ],
        [
            389.71038818359375,
            178.40689659118652
        ],
        -0.020663434393047457,
        -0.021282404628235,
        39.73583066378128
    ],
    "Bottom-Left": [
        [
            391.49609565734863,
            181.1347234249115
        ],
        [
            392.4261665344238,
            180.17645359039307
        ],
        0.022737088212974446,
        -0.02427043254336584,
        40.6956039679443
    ],
    "Bottom": [
        [
            390.3898016611735,
            181.8633997440338
        ],
        [
            390.38135528564453,
            180.9774684906006
        ],
        -0.0016689734707391267,
        -0.022257214383070517,
        40.127358801687734
    ],
    "Bottom-Right": [
        [
            389.4722207387288,
            183.09658646583557
        ],
        [
            388.6416244506836,
            182.26869106292725
        ],
        -0.017828007814509585,
        -0.02101095400477647,
        39.911306152848205
    ]
}